{
  "resolution": {
    "width": 848,
    "height": 480
  },
  "camera_matrix": [
    [436.41522216796875, 0.0, 428.21746826171875],
    [0.0, 435.9864196777344, 242.86111450195312],
    [0.0, 0.0, 1.0]
  ],
  "distortion_model": "inverse_brown_conrady",
  "distortion_coeffs": [
    -0.05245688185095787,
    0.05920431762933731,
    0.0015732120955362916,
    0.0008007068536244333,
    -0.020379329100251198
  ],
  "parameters": {
    "fx": 436.41522216796875,
    "fy": 435.9864196777344,
    "cx": 428.21746826171875,
    "cy": 242.86111450195312
  }
}


